temperature_average_method,chi,Tin_c,surrounding_c,Tout_c,Tgas_representative_c
length_average,2.7461474244666,60,10,13.2087311574999,27.0388772378412
endpoint_average,2.7461474244666,60,10,13.2087311574999,36.6043655787499
