pipeline,Tin_min_c,Tin_max_c,Tout_min_c,Tout_max_c,Tgas_min_c,Tgas_max_c,chi_min,chi_max,theta_min_c,theta_max_c,Z_min,Z_max,mu_min_pa_s,mu_max_pa_s,Re_min,Re_max,f_min,f_max,limit_min_kg_h,limit_max_kg_h,static_limit_kg_h
Pipe_A_to_Shore,60,60,11.6914395804587,12.1085604200887,13.5571934542705,13.9582044198818,25.8922471449708,25.8922471449708,11.6914395801838,12.1085604198162,1.01921994951036,1.01922313242859,8.62498526042492e-06,8.63343533766017e-06,1032344.19029791,1033355.59934708,0.0126158948681026,0.0126172866127177,300297.783082667,300524.763924486,300297.783082667
Pipe_B_to_Shore,60,60,10.3577355097256,10.6622644904105,12.1752657325906,12.4686451287064,27.3130338433435,27.3130338433435,10.3577355096573,10.6622644903427,1.01920831263152,1.01921087054339,8.59581744705574e-06,8.60201591864938e-06,1369151.82443065,1370139.12421259,0.0119803962689172,0.011981356539653,537203.887238937,537502.214795886,537203.887238937
